ZONA SUL-Vila Mariana-50 usuários,50
ZONA SUL-M'Boi Mirim-75 usuários,75
ZONA SUL-Capela do Socorro-150 usuários,150
ZONA SUL-Campo Limpo-150 usuários,150
ZONA SUL-Jabaquara-100 usuários,100
ZONA SUL-Vila Mariana-125 usuários,125
ZONA SUL-Jabaquara-75 usuários,75
ZONA SUL-Ipiranga-75 usuários,75
ZONA SUL-M'Boi Mirim-75 usuários,75
ZONA SUL-Ipiranga-75 usuários,75
ZONA SUL-Capela do Socorro-100 usuários,100
ZONA SUL-Santo Amaro-150 usuários,150
ZONA SUL-Cidade Ademar-75 usuários,75
ZONA SUL-Santo Amaro-50 usuários,50
ZONA SUL-Vila Mariana-75 usuários,75
ZONA SUL-Santo Amaro-50 usuários,50
ZONA SUL-Campo Limpo-125 usuários,125
ZONA SUL-Capela do Socorro-75 usuários,75
ZONA SUL-M'Boi Mirim-50 usuários,50
ZONA SUL-Capela do Socorro-75 usuários,75
ZONA SUL-Campo Limpo-100 usuários,100
ZONA SUL-Ipiranga-250 usuários,250
ZONA SUL-Cidade Ademar-50 usuários,50
ZONA SUL-Campo Limpo-150 usuários,150
ZONA SUL-Parelheiros-50 usuários,50
ZONA SUL-Parelheiros-50 usuários,50
ZONA SUL-Ipiranga-125 usuários,125
ZONA SUL-Parelheiros-50 usuários,50
ZONA OESTE-Lapa-75 usuários,75
ZONA OESTE-Lapa-50 usuários,50
ZONA OESTE-Lapa-75 usuários,75
ZONA OESTE-Pinheiros-250 usuários,250
ZONA OESTE-Butantã-50 usuários,50
ZONA OESTE-Butantã-75 usuários,75
ZONA OESTE-Butantã-75 usuários,75
ZONA OESTE-Lapa-50 usuários,50
ZONA OESTE-Lapa-50 usuários,50
ZONA OESTE-Pinheiros-100 usuários,100
ZONA OESTE-Pinheiros-100 usuários,100
ZONA OESTE-Butantã-75 usuários,75
ZONA OESTE-Butantã-75 usuários,75
ZONA OESTE-Pinheiros-125 usuários,125
ZONA NORTE-Santana/Tucuruvi-125 usuários,125
ZONA NORTE-Jaçanã/Tremembé-75 usuários,75
ZONA NORTE-Jaçanã/Tremembé-100 usuários,100
ZONA NORTE-Santana/Tucuruvi-50 usuários,50
ZONA NORTE-Vila Maria/Vila Guilherme-75 usuários,75
ZONA NORTE-Casa Verde/Cachoeirinha-100 usuários,100
ZONA NORTE-Freguesia/Brasilândia-100 usuários,100
ZONA NORTE-Santana/Tucuruvi-50 usuários,50
ZONA NORTE-Casa Verde/Cachoeirinha-75 usuários,75
ZONA NORTE-Perus-75 usuários,75
ZONA NORTE-Casa Verde/Cachoeirinha-100 usuários,100
ZONA NORTE-Freguesia/Brasilândia-125 usuários,125
ZONA NORTE-Pirituba-50 usuários,50
ZONA NORTE-Pirituba-75 usuários,75
ZONA NORTE-Vila Maria/Vila Guilherme-100 usuários,100
ZONA NORTE-Vila Maria/Vila Guilherme-50 usuários,50
ZONA NORTE-Sé-250 usuários,250
ZONA NORTE-Perus-75 usuários,75
ZONA LESTE-Aricanduva/Formosa/Carrão-50 usuários,50
ZONA LESTE-São Mateus-100 usuários,100
ZONA LESTE-São Miguel-150 usuários,150
ZONA LESTE-Penha-50 usuários,50
ZONA LESTE-Sapopemba-50 usuários,50
ZONA LESTE-Penha-50 usuários,50
ZONA LESTE-São Miguel-50 usuários,50
ZONA LESTE-São Mateus-50 usuários,50
ZONA LESTE-Aricanduva/Formosa/Carrão-50 usuários,50
ZONA LESTE-Itaquera-150 usuários,150
ZONA LESTE-Penha-100 usuários,100
ZONA LESTE-Mooca-75 usuários,75
ZONA LESTE-Itaim Paulista-50 usuários,50
ZONA LESTE-Itaim Paulista-100 usuários,100
ZONA LESTE-Itaquera-100 usuários,100
ZONA LESTE-Vila Prudente-125 usuários,125
ZONA LESTE-Mooca-150 usuários,150
ZONA LESTE-Guaianases-50 usuários,50
ZONA LESTE-Mooca-50 usuários,50
ZONA LESTE-São Mateus-50 usuários,50
ZONA LESTE-Mooca-50 usuários,50
ZONA LESTE-Itaim Paulista-100 usuários,100
ZONA LESTE-Cidade Tiradentes-150 usuários,150
ZONA LESTE-Mooca-100 usuários,100
ZONA LESTE-Mooca-125 usuários,125
ZONA LESTE-Ermelino Matarazzo-50 usuários,50
ZONA LESTE-Guaianases-100 usuários,100
ZONA LESTE-Ermelino Matarazzo-50 usuários,50
ZONA LESTE-Aricanduva/Formosa/Carrão-50 usuários,50
ZONA LESTE-Vila Prudente-100 usuários,100
ZONA LESTE-Cidade Tiradentes-150 usuários,150
ZONA LESTE-Itaquera-75 usuários,75
ZONA LESTE-Penha-75 usuários,75
ZONA LESTE-Itaquera-75 usuários,75
ZONA LESTE-Itaquera-50 usuários,50
ZONA LESTE-São Miguel-100 usuários,100
CENTRO-Sé-100 usuários,100
CENTRO-Sé-100 usuários,100
CENTRO-Sé-150 usuários,150
CENTRO-Sé-50 usuários,50
CENTRO-Sé-250 usuários,250
CENTRO-Sé-50 usuários,50
CENTRO-Sé-100 usuários,100
CENTRO-Sé-250 usuários,250
CENTRO-Sé-250 usuários,250
CENTRO-Sé-50 usuários,50
CENTRO-Sé-250 usuários,250
CENTRO-Sé-150 usuários,150
CENTRO-Sé-50 usuários,50
CENTRO-Sé-150 usuários,150
CENTRO-Sé-250 usuários,250
CENTRO-Sé-250 usuários,250
CENTRO-Sé-100 usuários,100
CENTRO-Sé-100 usuários,100
CENTRO-Sé-100 usuários,100
CENTRO-Sé-250 usuários,250
CENTRO-Sé-75 usuários,75
CENTRO-Sé-250 usuários,250
CENTRO-Sé-250 usuários,250
